country,year,packaging_recycling,municipal_recycling,electrical_recycling,battery_recycling,vehicle_recycling,gdp_per_capita,urban_population_share,population_density,education_attainment,waste_expenditure,joining_year
AT,2000,,63.4,,,,53599.61,60.213,,,0.0556256741371045,1995
AT,2001,,64.3,,,,54098.027,59.934,,,0.0569685976646639,1995
AT,2002,,62.5,,,,54631.6,59.655,,,0.0582176661507935,1995
AT,2003,,64.2,,,,54986.742,59.375,,,0.0568138444120977,1995
AT,2004,,57.4,,,,56048.48,59.094,,15.8,0.0511288917644564,1995
AT,2005,,58.3,73.1,,,56959.637,58.813,,15.0,0.059183312014169,1995
AT,2006,,59.2,79.5,,80.0,58531.51,58.532,,14.7,0.0556969417274901,1995
AT,2007,,60.2,78.7,,80.0,60544.633,58.249,,14.6,0.0535041446872645,1995
AT,2008,,63.2,79.7,,83.7,61232.55,57.966,,15.0,0.0552488256645944,1995
AT,2009,,61.9,79.0,,82.9,58882.14,57.683,,16.0,0.0556407855602666,1995
AT,2010,,59.4,79.9,,84.2,59803.37,57.399,,16.2,0.0541844684933859,1995
AT,2011,,56.7,81.5,,82.8,61346.96,57.115,,16.3,0.0520880692719085,1995
AT,2012,65.9,57.7,80.0,91.0,83.4,61451.55,57.147,102.3,16.9,0.0497500259686788,1995
AT,2013,66.6,57.7,79.0,91.0,85.0,60937.258,57.336,102.9,17.7,0.0488376099301597,1995
AT,2014,66.6,56.3,79.6,84.0,85.8,60919.84,57.526,103.7,27.4,0.0496929125089563,1995
AT,2015,67.1,56.9,81.1,84.5,86.9,61026.0,57.715,104.9,28.1,0.050306547810101,1995
AT,2016,66.8,57.6,81.8,84.7,87.2,61647.78,57.905,106.0,28.9,0.0485531643587392,1995
AT,2017,65.6,57.8,80.2,84.6,86.6,62612.14,58.094,106.8,29.7,0.0469729138205413,1995
AT,2018,65.5,57.7,79.8,89.6,86.2,63855.78,58.297,107.1,30.1,0.047755610875478,1995
AT,2019,65.4,58.2,81.9,89.6,87.3,64688.145,58.515,107.6,31.1,0.0479922809477191,1995
AT,2020,63.7,62.3,82.0,86.4,86.1,60349.902,58.748,107.6,31.3,0.0515347532060555,1995
AT,2021,65.6,62.5,81.6,86.4,85.8,62968.94,58.995,108.1,31.8,0.053861722913799,1995
AT,2022,66.2,62.6,84.0,86.4,85.9,65661.45,59.256,109.6,32.5,0.050443160672489,1995
AT,2023,64.9,62.8,83.3,86.4,87.4,64394.09,59.53,110.7,33.6,,1995
BE,2000,,49.7,,,,50477.992,97.129,,,,1952
BE,2001,,50.4,,,,50857.824,97.186,,,0.397828513061078,1952
BE,2002,,51.5,,,,51494.562,97.241,,,0.41020292400871,1952
BE,2003,,52.9,,,,51811.69,97.296,,,0.412622999206973,1952
BE,2004,,53.5,,,,53430.254,97.35,,26.3,0.42874469375379,1952
BE,2005,,55.6,,,,54370.87,97.403,,27.2,0.427174821069743,1952
BE,2006,,56.1,,,87.7,55392.05,97.454,,27.9,0.395846852693056,1952
BE,2007,,56.8,79.9,,87.9,57008.6,97.505,,28.1,0.39753331451404,1952
BE,2008,,52.7,77.0,,88.0,56812.79,97.555,,28.4,0.475945437280734,1952
BE,2009,,53.9,78.0,,88.4,55283.086,97.603,,29.4,0.467655488306448,1952
BE,2010,,54.8,80.2,,89.0,56265.016,97.651,,30.7,0.412430467588258,1952
BE,2011,,54.4,77.7,,88.2,56610.266,97.698,,30.4,0.416578006638863,1952
BE,2012,80.3,53.4,78.4,89.0,88.7,56381.688,97.744,366.3,31.3,0.404117304330938,1952
BE,2013,78.7,52.8,79.1,91.0,88.2,56287.996,97.789,368.0,31.5,0.401649358582773,1952
BE,2014,81.3,53.8,76.7,77.8,89.2,57028.06,97.833,369.6,32.6,0.366869807743844,1952
BE,2015,81.5,53.5,77.4,80.9,91.3,57534.4,97.876,371.8,32.7,0.366952882395573,1952
BE,2016,81.9,53.5,72.5,82.2,92.1,57927.043,97.919,373.7,33.2,0.379390120557564,1952
BE,2017,83.8,53.9,75.1,82.1,93.2,58555.152,97.961,373.6,35.6,0.387956409392203,1952
BE,2018,85.3,54.4,72.5,82.6,93.5,59383.88,98.001,375.3,36.0,0.401672858009221,1952
BE,2019,83.5,54.7,70.8,83.0,92.9,60506.66,98.041,377.3,36.0,0.41660834595498,1952
BE,2020,79.7,51.4,73.5,80.9,93.0,57358.836,98.079,377.3,37.6,0.447755351469139,1952
BE,2021,80.4,55.5,72.2,82.1,93.5,60669.215,98.117,378.9,39.7,0.399882990197444,1952
BE,2022,80.4,54.7,73.2,81.2,93.5,62744.203,98.153,383.6,40.2,,1952
BE,2023,79.7,55.8,82.8,83.0,93.5,62920.645,98.189,386.8,39.1,,1952
BG,2000,,15.5,,,,12558.974,68.899,,,0.0396801693020557,2007
BG,2001,,16.1,,,,13301.355,69.166,,,0.0253173233615674,2007
BG,2002,,16.3,,,,14391.43,69.524,,,0.467381919222541,2007
BG,2003,,16.5,,,,15265.574,69.879,,,0.444291160595919,2007
BG,2004,,17.2,,,,16382.618,70.233,,17.7,0.479713053693431,2007
BG,2005,,18.3,,,,17671.193,70.584,,17.8,0.503192020629029,2007
BG,2006,,19.1,,,82.4,19017.182,70.932,,18.2,0.660513580362613,2007
BG,2007,,20.6,,,89.5,20432.344,71.278,,18.5,0.473349749666459,2007
BG,2008,,19.4,,,81.0,21837.502,71.622,,18.9,0.463877404285793,2007
BG,2009,,19.9,76.3,95.0,82.7,21242.994,71.963,,19.2,0.551606885705281,2007
BG,2010,,24.5,78.4,97.0,88.9,21715.879,72.302,,19.7,0.542324771288234,2007
BG,2011,,26.2,82.3,96.0,90.0,22312.395,72.638,,20.1,0.551488126245003,2007
BG,2012,66.5,25.0,84.0,97.0,89.5,22610.057,72.975,67.1,20.7,0.546434592001135,2007
BG,2013,65.7,28.5,83.5,97.0,93.2,22945.514,73.313,66.7,22.2,0.609143038338964,2007
BG,2014,62.0,23.1,84.9,97.8,94.1,23446.406,73.651,66.3,23.6,0.631430301448092,2007
BG,2015,64.1,29.4,85.6,97.8,94.4,24553.145,73.99,66.2,24.1,0.712058871122079,2007
BG,2016,63.8,31.8,81.5,98.1,94.6,25626.824,74.329,64.8,24.4,0.572695556184657,2007
BG,2017,65.6,34.6,83.7,93.9,97.6,26681.43,74.669,64.3,24.5,0.566446429231052,2007
BG,2018,60.4,31.5,81.0,94.5,94.8,27739.502,75.008,63.9,24.8,0.59384759080915,2007
BG,2019,61.2,34.6,83.0,92.2,95.8,29199.834,75.347,63.4,24.7,0.573969125811449,2007
BG,2020,,35.2,83.6,93.0,96.1,28545.709,75.686,63.4,25.8,0.586326484839192,2007
BG,2021,57.9,28.2,89.0,92.0,95.6,30971.914,76.025,63.0,26.1,0.617237443153183,2007
BG,2022,58.3,24.6,85.6,91.5,94.8,32433.15,76.363,58.8,26.3,0.507632559536029,2007
BG,2023,,16.7,86.1,89.3,94.6,33139.938,76.701,58.6,26.7,,2007
CY,2000,,3.0,,,,36122.703,68.648,,,0.20386974988202,2004
CY,2001,,3.1,,,,37147.91,68.769,,,0.224228993859979,2004
CY,2002,,3.2,,,,38091.87,68.694,,,0.219752462743117,2004
CY,2003,,3.1,,,,38618.92,68.553,,,0.230436271914801,2004
CY,2004,,3.2,,,,40021.074,68.41,,25.7,0.254754086529787,2004
CY,2005,,3.7,,,,41363.28,68.268,,25.7,0.273236947032512,2004
CY,2006,,4.4,,,85.4,42596.426,68.125,,27.6,0.25624839844751,2004
CY,2007,,5.2,,,83.7,43825.02,67.982,,29.7,0.250692402135739,2004
CY,2008,,7.5,,,78.3,44296.902,67.839,,31.0,0.245139298038886,2004
CY,2009,,8.3,79.2,,87.1,42254.6,67.695,,30.5,0.269872292575835,2004
CY,2010,,11.2,71.6,,81.1,42103.492,67.551,,32.1,0.27490879194286,2004
CY,2011,,11.2,78.9,77.0,84.0,41213.87,67.406,,33.7,0.284015087042567,2004
CY,2012,55.3,12.8,86.6,,84.7,39191.348,67.261,93.8,35.0,0.256472072755998,2004
CY,2013,56.6,13.9,80.3,77.0,84.3,36694.83,67.137,93.5,35.4,0.228948520811738,2004
CY,2014,58.7,14.8,89.4,84.4,87.7,36442.01,67.031,92.5,36.4,0.247528999931361,2004
CY,2015,59.8,16.7,91.0,70.4,89.1,37903.125,66.946,92.0,36.4,0.242978154257691,2004
CY,2016,64.6,16.3,87.8,74.4,90.3,40209.863,66.881,92.4,37.6,0.197752147136012,2004
CY,2017,66.2,16.5,78.3,77.8,89.2,42128.566,66.836,93.3,38.1,0.201848141274006,2004
CY,2018,70.2,16.8,90.6,79.4,89.8,44227.91,66.81,94.4,39.4,0.21176275190079,2004
CY,2019,66.8,16.9,81.4,80.9,88.7,46195.594,66.805,95.7,40.5,0.218313292518239,2004
CY,2020,59.9,17.0,90.9,80.5,91.0,44203.89,66.821,95.7,41.0,0.230908193618784,2004
CY,2021,58.7,14.0,81.6,89.3,90.3,48781.277,66.856,96.8,42.8,0.251128271988767,2004
CY,2022,69.5,14.8,78.7,88.3,90.6,51588.445,66.911,100.6,44.0,0.264604551198281,2004
CY,2023,,16.0,89.5,88.0,89.8,52190.875,66.987,104.0,46.0,,2004
CZ,2000,,0.9,,,,29427.406,73.988,,,0.30908030170438,2004
CZ,2001,,0.9,,,,30399.873,73.877,,,0.288974962706062,2004
CZ,2002,,0.9,,,,30919.549,73.809,,,0.299615524839284,2004
CZ,2003,,0.9,,,,31949.297,73.74,,,0.334145490059463,2004
CZ,2004,,5.5,,,,33452.34,73.671,,10.3,0.285771932364287,2004
CZ,2005,,6.2,,,,35535.746,73.602,,11.0,0.304972520847695,2004
CZ,2006,,7.4,,,79.0,37786.88,73.533,,11.4,0.30255630476238,2004
CZ,2007,,10.1,75.4,,79.0,39629.008,73.463,,11.6,0.282085728235721,2004
CZ,2008,,10.4,75.7,,80.0,40328.344,73.394,,12.4,0.274695336098697,2004
CZ,2009,,12.4,74.8,,80.3,38175.14,73.324,,13.4,0.292940954326506,2004
CZ,2010,,15.8,86.7,66.0,80.3,39097.387,73.255,,14.5,0.306648826963475,2004
CZ,2011,,16.9,86.8,66.0,80.3,39708.164,73.185,,15.8,0.296286890880034,2004
CZ,2012,69.9,23.2,80.6,67.0,80.3,39347.05,73.197,136.1,17.0,0.299097753343179,2004
CZ,2013,69.9,24.2,91.1,65.0,80.3,39317.555,73.29,136.1,18.1,0.297096841433136,2004
CZ,2014,73.0,25.4,85.5,65.8,80.3,40158.016,73.384,136.3,19.1,0.312015259967414,2004
CZ,2015,74.3,29.7,82.5,73.5,90.2,42066.574,73.477,136.6,19.8,0.31634977588308,2004
CZ,2016,75.3,33.6,90.0,80.4,90.3,43069.465,73.57,136.8,20.6,0.272990256100004,2004
CZ,2017,72.3,32.1,86.9,82.6,91.9,45177.523,73.675,137.2,21.4,0.271675331856698,2004
CZ,2018,69.6,32.2,84.7,82.2,95.5,46301.082,73.792,137.7,21.7,0.289237702147258,2004
CZ,2019,71.2,33.3,92.6,84.2,93.3,47763.617,73.921,138.2,21.6,0.281055666206873,2004
CZ,2020,67.9,40.5,88.8,83.6,97.3,45119.938,74.061,138.2,22.1,0.291164620736206,2004
CZ,2021,69.1,43.3,94.5,83.0,102.2,47796.035,74.214,138.6,23.4,0.303309180524608,2004
CZ,2022,70.8,41.4,92.8,83.8,117.2,48390.66,74.377,138.2,23.5,0.282912937993768,2004
CZ,2023,74.8,43.5,94.8,83.2,88.8,47509.523,74.552,140.7,23.5,,2004
DE,2000,,52.5,,,,49979.133,74.965,,,0.24003831597532,1952
DE,2001,,52.3,,,,50711.68,75.17,,,0.220220174627539,1952
DE,2002,,56.1,,,,50510.906,75.374,,,0.182246689694876,1952
DE,2003,,57.8,,,,50215.426,75.577,,,0.186495062053454,1952
DE,2004,,56.4,,,,50810.145,75.779,,21.1,0.176141715800858,1952
DE,2005,,60.9,,,,51289.28,75.98,,20.6,0.180074041905483,1952
DE,2006,,62.1,79.6,,86.8,53326.977,76.179,,20.1,0.178304989736953,1952
DE,2007,,63.2,80.8,,88.1,54941.6,76.378,,20.4,0.166193327092069,1952
DE,2008,,63.8,80.6,,89.2,55547.312,76.575,,21.4,0.161371289116802,1952
DE,2009,,63.1,80.3,,82.9,52600.234,76.771,,22.3,0.172994985710678,1952
DE,2010,,62.5,82.8,97.0,95.5,54865.43,76.966,,22.7,0.174881310061696,1952
DE,2011,,63.0,83.9,97.0,93.4,57992.367,77.16,,24.3,0.171081697788421,1952
DE,2012,71.3,65.2,83.5,95.0,92.3,58158.137,77.17,225.2,24.9,0.177333076225369,1952
DE,2013,71.8,63.8,82.8,94.0,89.8,58223.65,77.18,225.8,25.2,0.179368600206467,1952
DE,2014,71.4,65.6,84.2,82.5,89.5,59239.34,77.19,226.5,23.2,0.169169595031439,1952
DE,2015,69.3,66.7,79.3,85.1,87.7,59699.34,77.2,228.4,23.8,0.164892324145642,1952
DE,2016,70.7,67.1,86.7,84.7,89.3,60578.285,77.224,233.1,24.4,0.161884290590749,1952
DE,2017,69.9,67.2,85.8,84.7,89.5,61991.496,77.261,234.0,24.8,0.158715863480942,1952
DE,2018,68.5,67.1,85.6,80.7,87.1,62495.5,77.312,234.7,25.2,0.159539277147762,1952
DE,2019,64.0,66.7,85.4,81.9,86.9,62970.715,77.376,235.2,26.0,0.163400172000181,1952
DE,2020,68.1,70.3,86.7,81.6,86.8,60342.664,77.453,235.2,27.2,0.166018286072089,1952
DE,2021,67.7,71.4,86.1,84.5,90.0,62530.766,77.544,235.4,28.1,0.168042083961202,1952
DE,2022,68.5,69.6,85.5,79.4,86.4,62931.97,77.648,235.4,28.0,0.164219684611202,1952
DE,2023,69.4,68.7,84.5,78.9,86.1,62686.54,77.765,235.8,28.7,0.171470893908805,1952
DK,2000,,37.1,,,,57431.973,85.1,,,0.0272250850878179,1973
DK,2001,,36.1,,,,57770.223,85.15,,,0.0313347815346319,1973
DK,2002,,37.6,,,,57848.844,85.25,,,0.0374783914756142,1973
DK,2003,,40.9,,,,57946.176,85.36,,,0.0655364922895587,1973
DK,2004,,41.0,,,,59401.258,85.566,,27.4,0.0465001053207514,1973
DK,2005,,41.0,,,,60635.625,85.856,,28.5,0.058676329918199,1973
DK,2006,,41.8,79.9,,80.0,62743.234,86.098,,29.3,0.0550662753479916,1973
DK,2007,,44.2,81.5,,81.0,63082.246,86.293,,26.0,0.059604943710904,1973
DK,2008,,47.9,90.4,,82.7,62451.074,86.487,,26.0,0.059346164408768,1973
DK,2009,,48.8,82.6,,82.0,59027.766,86.654,,26.6,0.036310442721433,1973
DK,2010,,,83.5,99.0,90.5,59696.355,86.795,,27.3,0.0312207650080313,1973
DK,2011,,42.4,92.0,100.0,92.8,60230.355,86.957,,27.8,0.0221256651223782,1973
DK,2012,61.6,42.5,84.4,100.0,92.4,60000.89,87.142,130.4,28.5,0.0347079513433615,1973
DK,2013,69.8,43.3,82.6,99.0,86.6,60583.406,87.292,130.8,28.9,0.0351836888211966,1973
DK,2014,69.8,45.4,83.0,99.9,86.0,61047.332,87.41,131.5,29.4,0.0251481874620631,1973
DK,2015,73.9,47.4,84.2,80.0,91.2,61893.246,87.526,132.4,30.2,0.025514652207707,1973
DK,2016,79.0,48.3,86.4,80.1,88.8,63299.336,87.642,136.4,31.1,0.0259335976181061,1973
DK,2017,71.5,47.6,85.8,79.1,91.5,64815.73,87.757,137.3,32.2,0.0369019025945052,1973
DK,2018,70.1,49.9,80.7,79.1,89.9,65694.76,87.874,138.0,32.6,0.0395356984625204,1973
DK,2019,69.3,51.5,83.7,78.7,94.6,66580.19,87.994,138.5,33.4,0.0441041709262353,1973
DK,2020,64.0,45.0,84.1,81.9,94.8,65204.55,88.116,138.5,33.7,0.0433252098564852,1973
DK,2021,64.7,49.0,79.9,94.4,82.5,69715.18,88.24,138.9,34.8,0.0282763023165146,1973
DK,2022,62.2,50.3,82.4,94.4,85.5,70233.64,88.367,140.6,35.0,0.022888460418785,1973
DK,2023,62.7,46.6,62.8,82.3,83.2,71454.52,88.495,141.6,35.5,,1973
EE,2000,,2.2,,,,20739.39,69.368,,,0.132865818485848,2004
EE,2001,,5.1,,,,22099.34,69.242,,,0.190185838733849,2004
EE,2002,,2.7,,,,23781.652,69.116,,,0.130354269677424,2004
EE,2003,,15.0,,,,25749.28,68.989,,,0.158918530815332,2004
EE,2004,,24.8,,,,27665.307,68.862,,26.4,0.200418424588478,2004
EE,2005,,22.7,,,,30473.78,68.735,,27.7,0.273237288957247,2004
EE,2006,,17.4,,,82.5,33646.617,68.607,,27.4,0.256426127169675,2004
EE,2007,,23.1,83.2,,82.2,36359.465,68.479,,27.5,0.232896155140542,2004
EE,2008,,20.2,,,92.4,34588.55,68.351,,28.3,0.232867117718841,2004
EE,2009,,21.0,82.7,,87.2,29585.145,68.223,,30.2,0.251900932174966,2004
EE,2010,,18.0,82.7,,77.3,30379.11,68.094,,30.0,0.198076756099679,2004
EE,2011,,23.3,69.5,,76.1,32789.434,67.965,,31.3,0.342853183576974,2004
EE,2012,61.3,19.1,80.4,,80.9,34115.363,67.974,30.5,32.1,0.164210330764944,2004
EE,2013,58.4,17.6,66.0,94.0,77.7,34838.363,68.122,30.3,32.3,0.164377299651468,2004
EE,2014,60.3,31.1,85.1,80.0,87.0,36090.492,68.269,30.3,32.6,0.15270863879153,2004
EE,2015,59.0,28.3,86.7,79.2,86.0,36729.81,68.416,30.3,32.0,0.197040677477251,2004
EE,2016,56.0,27.9,86.7,79.1,85.8,37854.844,68.563,30.3,33.1,0.178016455029889,2004
EE,2017,53.5,28.2,85.7,79.4,85.9,39939.457,68.717,30.3,33.6,0.216728566593451,2004
EE,2018,60.4,28.0,85.7,64.4,87.1,41273.2,68.88,30.4,34.1,0.2269419421994,2004
EE,2019,66.2,30.8,80.6,64.4,87.6,42652.535,69.051,30.5,34.7,0.246206280824078,2004
EE,2020,71.4,28.9,81.6,64.4,87.2,41340.766,69.229,30.5,35.2,0.245914410297244,2004
EE,2021,70.4,30.3,81.6,65.0,85.5,44251.54,69.415,30.6,36.0,0.272496112081435,2004
EE,2022,73.0,33.4,80.8,65.0,85.3,43690.414,69.609,31.3,36.7,0.282127316812785,2004
EE,2023,68.5,37.9,82.4,65.0,86.0,41706.52,69.81,31.8,36.0,,2004
EL,2000,,8.8,,,,31386.64,72.716,,,,1981
EL,2001,,8.8,,,,32675.93,72.913,,,0.30684561394748,1981
EL,2002,,8.8,,,,34081.027,73.303,,,0.299766060119613,1981
EL,2003,,8.1,,,,35970.703,73.689,,,0.283390784712996,1981
EL,2004,,10.1,,,,37811.492,74.073,,17.6,0.313861853292297,1981
EL,2005,,11.8,31.4,,,38146.965,74.452,,17.6,0.39700404984283,1981
EL,2006,,12.8,82.6,,82.3,40483.156,74.827,,18.7,0.621036474532455,1981
EL,2007,,20.0,77.2,,84.1,41796.234,75.199,,19.1,0.590043774114225,1981
EL,2008,,17.7,82.8,,85.7,41709.387,75.568,,19.8,0.69506889529502,1981
EL,2009,,18.9,84.5,,86.5,39886.215,75.932,,19.9,0.662641421740533,1981
EL,2010,,17.1,98.0,,84.5,37566.75,76.292,,20.9,0.574235690956792,1981
EL,2011,,17.8,90.9,,85.2,33906.492,76.649,,22.2,0.596139260492199,1981
EL,2012,58.6,17.0,90.2,,82.8,31250.227,77.004,83.6,22.9,0.601972814610422,1981
EL,2013,52.4,15.8,90.6,,88.8,30762.443,77.355,83.0,24.0,0.692111155831189,1981
EL,2014,53.8,15.4,84.0,,80.4,31213.377,77.702,82.5,24.6,0.659008327879212,1981
EL,2015,60.3,15.8,89.6,74.8,64.5,31347.977,78.046,82.7,25.4,0.664516249746979,1981
EL,2016,66.1,17.2,85.4,76.2,100.0,31468.62,78.387,82.4,26.4,0.644147484558226,1981
EL,2017,68.6,18.9,78.8,81.3,91.9,31995.41,78.724,82.2,27.2,0.630852770495084,1981
EL,2018,63.6,20.1,80.7,77.4,98.7,32722.33,79.058,82.5,27.7,0.697825824233659,1981
EL,2019,60.1,21.0,79.0,80.9,69.7,33502.75,79.388,82.4,27.8,0.695946601915271,1981
EL,2020,,18.1,84.6,87.6,92.8,30487.113,79.715,82.4,28.5,0.835678059724014,1981
EL,2021,54.1,17.5,80.9,87.6,91.7,33531.156,80.038,82.3,30.1,0.790631866376052,1981
EL,2022,43.4,17.3,74.9,86.1,83.5,35906.613,80.357,80.3,30.5,0.82131290037189,1981
EL,2023,48.0,17.4,82.0,85.7,89.0,36854.504,80.673,80.0,29.9,,1981
ES,2000,,18.4,,,,39945.9,76.262,,,0.24974878482861,1986
ES,2001,,21.4,,,,41224.293,76.343,,,0.413128233805473,1986
ES,2002,,29.3,,,,41766.04,76.533,,,0.470547740517002,1986
ES,2003,,28.7,,,,42223.13,76.778,,,0.473409068812588,1986
ES,2004,,30.9,,,,42793.39,77.022,,24.3,0.417017186832775,1986
ES,2005,,31.4,,,,43570.766,77.263,,26.1,0.396718847218493,1986
ES,2006,,31.2,,,76.0,44572.68,77.502,,26.4,0.457849640823133,1986
ES,2007,,30.6,78.7,,81.9,45301.285,77.74,,26.8,0.445544048147022,1986
ES,2008,,39.7,79.8,,82.5,44926.348,77.976,,27.0,0.47506130913594,1986
ES,2009,,33.2,65.7,,82.6,42852.223,78.21,,27.4,0.478246516721327,1986
ES,2010,,29.2,67.4,77.0,82.8,42695.527,78.442,,28.4,0.572569075117296,1986
ES,2011,,26.7,80.3,77.0,82.9,42271.836,78.673,,29.3,0.544106158984661,1986
ES,2012,65.5,29.8,84.5,77.0,83.0,41034.047,78.902,93.2,30.0,0.577439327167774,1986
ES,2013,66.6,32.5,82.0,77.0,83.6,40594.914,79.133,92.9,30.9,0.530040355567922,1986
ES,2014,68.7,30.8,76.9,79.3,84.3,41339.41,79.366,92.5,31.7,0.538345625832843,1986
ES,2015,68.4,30.0,75.7,81.5,85.0,43053.76,79.602,92.5,32.1,0.538080238050185,1986
ES,2016,70.3,33.9,87.8,73.2,85.4,44274.668,79.84,92.5,32.7,0.529064446079575,1986
ES,2017,68.5,36.1,83.1,72.0,85.8,45446.25,80.08,92.7,33.2,0.548648936938921,1986
ES,2018,68.8,34.8,86.2,68.0,85.9,46325.21,80.321,93.1,34.0,0.543834452373575,1986
ES,2019,69.6,38.0,79.7,72.3,86.0,46896.418,80.565,93.8,35.1,0.557200125570749,1986
ES,2020,68.3,40.4,85.8,73.4,86.2,41553.45,80.81,93.8,36.0,0.617688849965595,1986
ES,2021,66.4,43.7,73.7,71.3,86.3,44251.664,81.056,94.2,36.2,0.596012402948564,1986
ES,2022,69.1,42.9,69.5,70.7,86.4,46649.562,81.304,95.1,36.5,0.63904834975642,1986
ES,2023,70.5,41.4,70.6,71.9,85.9,47341.17,81.552,96.2,37.1,,1986
EU27_2020,2000,,27.3,,,,,,,,,
EU27_2020,2001,,28.7,,,,,,,,,
EU27_2020,2002,,30.4,,,,,,,,,
EU27_2020,2003,,31.1,,,,,,,,,
EU27_2020,2004,,31.8,,,,,,,18.0,,
EU27_2020,2005,,32.5,,,,,,,18.6,,
EU27_2020,2006,,33.2,,,78.0,,,,19.0,,
EU27_2020,2007,,35.2,,,82.2,,,,19.4,,
EU27_2020,2008,,36.6,,,82.9,,,,20.1,,
EU27_2020,2009,,37.3,,,82.0,,,,20.9,,
EU27_2020,2010,,38.0,81.8,,83.5,,,,21.6,,
EU27_2020,2011,,38.9,84.7,,84.4,,,,22.4,,
EU27_2020,2012,65.2,40.9,81.4,,84.6,,,107.3,23.2,,
EU27_2020,2013,65.4,41.5,82.7,,85.3,,,107.4,24.0,,
EU27_2020,2014,66.5,43.4,81.9,,85.4,,,108.0,24.5,,
EU27_2020,2015,66.6,44.9,80.8,,87.0,,,108.1,25.2,,
EU27_2020,2016,67.6,45.9,84.2,,87.1,,,108.5,25.7,,
EU27_2020,2017,67.5,46.3,84.0,,87.9,,,108.6,26.4,,
EU27_2020,2018,65.6,46.4,81.7,,87.3,,,108.8,27.2,,
EU27_2020,2019,64.8,47.2,81.3,,89.5,,,109.0,28.0,,
EU27_2020,2020,64.0,48.5,83.2,,89.1,,,108.9,29.0,,
EU27_2020,2021,64.0,49.7,81.6,,88.1,,,109.0,29.7,,
EU27_2020,2022,65.3,49.1,80.7,,89.1,,,108.9,30.2,,
EU27_2020,2023,67.5,47.7,82.2,,88.3,,,109.3,30.9,,
FI,2000,,33.6,,,,46968.84,82.183,,,,1995
FI,2001,,33.6,,,,48099.3,82.368,,,0.0795143402384047,1995
FI,2002,,33.6,,,,48792.49,82.503,,,0.0774483789717549,1995
FI,2003,,33.6,,,,49655.547,82.638,,,0.0751240535357729,1995
FI,2004,,33.6,,,,51494.707,82.772,,28.2,0.0743269630506809,1995
FI,2005,,33.6,81.8,,80.0,52744.047,82.905,,28.6,0.0880458081087153,1995
FI,2006,,33.6,78.8,,82.0,54653.98,83.037,,29.0,0.0971676778660127,1995
FI,2007,,35.6,79.1,,81.0,57313.293,83.168,,30.0,0.0865976736229901,1995
FI,2008,,34.3,82.4,,81.0,57494.586,83.299,,30.2,0.0833912439193885,1995
FI,2009,,35.9,86.9,85.0,81.0,52599.15,83.429,,30.9,0.0929864041772354,1995
FI,2010,,32.8,88.5,85.0,82.5,54017.945,83.77,,31.6,0.0350797000154138,1995
FI,2011,,34.8,89.1,85.0,82.5,55053.39,84.313,,32.5,0.0287881695774705,1995
FI,2012,59.3,33.3,89.4,85.0,82.5,53957.668,84.841,17.8,32.8,0.0288504106209305,1995
FI,2013,58.0,32.5,87.9,85.0,82.5,53183.43,85.125,17.9,33.6,0.0278972792811312,1995
FI,2014,57.4,32.5,87.8,81.8,82.8,52710.734,85.175,18.0,34.7,0.0285166048806894,1995
FI,2015,60.9,40.6,92.5,82.9,82.8,52782.49,85.225,18.0,35.5,0.0359533552522648,1995
FI,2016,64.7,42.1,88.9,83.1,82.8,53984.633,85.275,18.1,35.9,0.0344799051113011,1995
FI,2017,65.2,40.5,90.0,84.4,82.8,55637.227,85.325,18.1,36.4,0.0225363564456189,1995
FI,2018,70.2,42.3,89.7,84.5,82.8,56226.336,85.382,18.1,37.3,0.0235584377757408,1995
FI,2019,70.6,43.5,87.8,84.9,84.7,56922.49,85.446,18.2,38.5,0.0233471470620117,1995
FI,2020,61.2,42.1,90.8,85.8,84.7,55424.86,85.517,18.1,39.8,0.0231055545753199,1995
FI,2021,60.6,39.0,88.1,82.7,84.7,56790.375,85.596,18.2,35.5,0.0239120038259206,1995
FI,2022,60.2,43.7,88.4,74.9,84.7,57068.305,85.681,18.3,35.9,,1995
FI,2023,59.4,44.8,88.8,73.3,84.9,56246.44,85.773,18.4,35.7,,1995
FR,2000,,24.5,,,,45922.48,75.871,,,0.315707247131548,1952
FR,2001,,26.1,,,,46454.87,76.127,,,0.311988037966454,1952
FR,2002,,27.3,,,,46610.78,76.38,,,0.349596839458153,1952
FR,2003,,28.0,,,,46730.977,76.632,,,0.390147338572093,1952
FR,2004,,29.0,,,,47720.44,76.883,,22.4,0.405629279955212,1952
FR,2005,,29.0,,,,48257.465,77.13,,23.4,0.414631591167135,1952
FR,2006,,30.7,26.9,,79.6,49223.246,77.377,,24.0,0.42042019293878,1952
FR,2007,,32.3,71.6,,79.8,50157.785,77.621,,24.4,0.412803395557753,1952
FR,2008,,33.8,75.9,,79.9,50068.297,77.868,,24.8,0.42200784990815,1952
FR,2009,,35.3,73.9,,78.6,48404.965,78.117,,25.9,0.463638607700181,1952
FR,2010,,36.0,77.4,,79.0,49130.42,78.369,,26.2,0.478627406856851,1952
FR,2011,,36.8,77.9,,80.8,50085.684,78.622,,26.7,0.498598647764322,1952
FR,2012,64.9,37.7,76.7,82.0,82.4,49935.625,78.878,103.4,27.7,0.507658928267085,1952
FR,2013,66.4,38.7,78.7,70.0,85.3,50066.53,79.135,103.9,28.9,0.513794227254049,1952
FR,2014,65.2,39.7,80.8,84.9,85.9,50326.566,79.394,104.6,29.8,0.52517368177452,1952
FR,2015,65.5,40.7,81.9,81.8,87.5,50682.895,79.655,105.1,30.5,0.513502350766364,1952
FR,2016,66.0,39.7,81.9,81.4,86.9,50984.074,79.917,105.3,30.9,0.489004887363263,1952
FR,2017,68.1,40.2,81.9,84.9,87.4,51895.566,80.18,105.6,31.4,0.485712867865031,1952
FR,2018,63.5,40.7,74.2,85.9,86.9,52560.953,80.444,105.9,32.8,0.493715160034291,1952
FR,2019,65.6,41.0,76.5,85.3,87.1,53448.555,80.709,106.1,33.8,0.495234110110825,1952
FR,2020,60.3,39.3,79.8,84.4,87.6,49311.332,80.975,106.3,35.3,0.521780698514819,1952
FR,2021,62.4,40.9,77.2,85.9,87.6,52517.336,81.242,106.6,36.3,0.525428515878471,1952
FR,2022,67.5,40.1,77.2,86.1,88.3,53691.617,81.509,107.6,36.9,,1952
FR,2023,69.0,40.3,79.1,86.0,89.0,54017.875,81.777,107.9,37.6,,1952
HR,2000,,,,,,21302.537,53.428,,,0.0793638868019033,2013
HR,2001,,,,,,22826.932,53.642,,,0.0850174757281553,2013
HR,2002,,,,,,24137.44,53.81,,,0.0848646547459184,2013
HR,2003,,,,,,25474.248,53.979,,,0.285165222970805,2013
HR,2004,,,,,,26529.244,54.147,,13.5,0.276872325249643,2013
HR,2005,,,,,,27641.578,54.315,,13.4,0.281202508911055,2013
HR,2006,,,,,,29039.344,54.483,,13.6,0.257381904713685,2013
HR,2007,,3.2,,,,30512.174,54.651,,13.4,0.289390753875656,2013
HR,2008,,2.7,,,,31116.53,54.819,,13.6,0.306902768834514,2013
HR,2009,,2.4,,,,29026.732,54.987,,14.5,0.304285714285714,2013
HR,2010,,4.1,77.3,,,28704.527,55.155,,15.7,0.30590329412825,2013
HR,2011,,8.3,84.5,,,28775.648,55.322,,15.4,0.29728339210077,2013
HR,2012,59.7,14.7,92.3,,97.2,28260.836,55.506,75.4,16.6,0.318234306814367,2013
HR,2013,58.8,14.9,97.4,73.0,100.0,28401.686,55.706,75.2,18.2,0.291624506897858,2013
HR,2014,52.7,16.4,95.7,76.1,89.5,28460.73,55.923,74.9,18.9,0.351898168825368,2013
HR,2015,60.1,18.0,92.5,76.6,92.8,29471.752,56.155,74.4,19.9,0.30946363319993,2013
HR,2016,54.7,21.0,96.3,81.9,93.9,30824.86,56.403,74.6,20.1,0.288351837471404,2013
HR,2017,53.3,23.6,95.2,81.7,99.3,32351.873,56.667,73.9,20.7,0.258382140564827,2013
HR,2018,58.4,25.3,91.2,79.5,97.4,33730.875,56.947,73.2,21.9,0.295857197403589,2013
HR,2019,48.9,30.2,92.3,78.8,96.3,35123.49,57.242,72.8,22.1,0.298009482103435,2013
HR,2020,54.2,29.5,94.9,80.9,97.2,32493.625,57.553,72.8,22.3,0.35184494968319,2013
HR,2021,51.7,31.4,92.0,83.4,98.0,36930.47,57.878,72.4,22.3,0.355112999150382,2013
HR,2022,52.4,34.2,90.1,81.9,96.9,39861.79,58.219,69.0,22.8,0.287919561243144,2013
HR,2023,51.9,36.0,90.2,81.9,97.6,41135.086,58.575,69.0,24.9,,2013
HU,2000,,1.6,,,,22117.92,64.575,,,0.158105056930129,2004
HU,2001,,1.6,,,,23069.21,64.67,,,0.137368729998719,2004
HU,2002,,2.5,,,,24229.295,65.081,,,0.206127627853363,2004
HU,2003,,3.5,,,,25255.871,65.489,,,0.171338113710442,2004
HU,2004,,11.8,,,,26568.12,65.896,,14.1,0.158630544738437,2004
HU,2005,,9.6,,,,27765.79,66.365,,14.5,0.177477585051467,2004
HU,2006,,10.4,,,81.2,28903.047,66.895,,15.0,0.200029508644916,2004
HU,2007,,12.1,78.6,,81.6,29044.066,67.421,,15.4,0.162956127011303,2004
HU,2008,,15.2,82.0,,83.0,29384.008,67.943,,16.4,0.212378418098767,2004
HU,2009,,15.4,83.4,120.0,84.4,27445.959,68.46,,16.9,0.1836824080864,2004
HU,2010,,19.6,82.3,119.0,82.1,27801.834,68.911,,17.1,0.201782107850245,2004
HU,2011,,22.0,87.7,96.0,84.4,28415.117,69.358,,18.0,0.174713179197484,2004
HU,2012,48.5,25.5,81.5,96.0,84.4,28179.656,69.678,106.6,19.0,0.197967825986405,2004
HU,2013,49.2,26.4,87.7,85.0,90.7,28891.021,69.953,106.4,19.5,0.288406957547275,2004
HU,2014,48.4,30.5,87.0,97.8,90.3,30264.95,70.227,108.1,20.2,0.242687733806005,2004
HU,2015,50.1,32.2,83.3,91.2,94.6,31485.568,70.5,107.9,20.9,0.420475059025094,2004
HU,2016,49.7,34.7,84.0,94.7,95.4,32378.967,70.779,107.6,20.6,0.137010681955638,2004
HU,2017,49.7,35.0,84.2,96.3,95.5,33828.715,71.062,107.3,20.9,0.324916077774841,2004
HU,2018,46.1,37.4,83.5,99.3,95.1,35798.043,71.351,107.1,21.8,0.375320000064536,2004
HU,2019,47.0,35.9,83.7,97.8,94.4,37662.676,71.644,107.1,22.5,0.402211368596595,2004
HU,2020,48.6,32.0,81.9,94.5,95.6,36119.52,71.942,107.1,23.6,0.438627943405888,2004
HU,2021,44.8,34.9,79.6,94.8,97.1,38887.19,72.245,106.9,25.5,0.412926039259105,2004
HU,2022,42.9,32.8,79.3,96.2,96.8,40656.97,72.552,105.3,25.6,0.375861615551467,2004
HU,2023,42.8,33.4,80.1,94.9,92.2,40368.59,72.864,105.1,25.8,,2004
IE,2000,,11.9,,,,53744.543,59.155,,,0.0040738829081256,1973
IE,2001,,11.3,,,,55702.17,59.399,,,0.0022524551761419,1973
IE,2002,,18.3,,,,58002.535,59.649,,,0.0032206355975823,1973
IE,2003,,23.6,,,,58785.215,59.925,,,0.004272652960289,1973
IE,2004,,29.5,,,,61638.33,60.202,,24.7,0.012940054652852,1973
IE,2005,,31.1,,,,63771.594,60.477,,25.7,0.0042218125022019,1973
IE,2006,,33.1,,,78.1,65171.504,60.738,,27.5,0.0025525103290142,1973
IE,2007,,34.1,83.6,,81.3,66676.46,60.94,,30.1,0.0091642563556096,1973
IE,2008,,33.6,78.5,,75.9,62401.406,61.141,,31.3,0.008180133808194,1973
IE,2009,,33.5,82.0,88.0,78.9,58623.117,61.342,,32.6,0.002247522416234,1973
IE,2010,,35.7,80.3,85.0,77.0,59285.81,61.542,,33.9,0.0034888166698528,1973
IE,2011,,36.1,82.1,79.0,80.5,60001.08,61.742,,34.4,0.0379475509824006,1973
IE,2012,74.0,36.6,83.4,79.0,81.8,59508.996,61.942,67.3,35.7,0.0262985178547989,1973
IE,2013,70.2,,83.3,79.0,80.4,60494.164,62.141,67.6,37.3,0.0186501938254734,1973
IE,2014,68.3,39.8,83.7,85.9,82.1,65660.18,62.34,67.8,38.0,0.0138235339257486,1973
IE,2015,67.5,,83.2,90.0,83.3,81053.35,62.538,68.5,39.0,0.0115051972053873,1973
IE,2016,67.0,40.7,85.1,85.7,86.0,80997.586,62.737,69.3,39.5,0.0148855315599221,1973
IE,2017,65.6,40.4,83.8,88.1,85.9,87942.445,62.947,70.0,40.4,0.0204234764461744,1973
IE,2018,63.9,37.7,82.9,84.2,86.4,93214.336,63.17,70.9,40.5,0.0193344755238348,1973
IE,2019,62.5,37.4,84.9,87.2,87.4,96369.65,63.405,71.9,40.7,0.018384934209234,1973
IE,2020,62.4,40.8,84.8,87.6,90.3,101970.81,63.653,71.9,42.8,0.0171389740173218,1973
IE,2021,59.3,,83.4,85.8,87.8,116903.61,63.912,72.6,45.4,0.0148782454442832,1973
IE,2022,61.7,,82.2,86.5,88.5,124489.375,64.183,75.9,46.1,,1973
IE,2023,61.0,,82.9,89.1,89.5,115505.336,64.466,77.4,46.6,,1973
IT,2000,,14.2,,,,50353.42,67.222,,,,1952
IT,2001,,17.8,,,,51332.29,67.282,,,0.368478927850114,1952
IT,2002,,14.8,,,,51369.113,67.382,,,0.391509691469412,1952
IT,2003,,16.3,,,,51126.258,67.501,,,0.371520080949788,1952
IT,2004,,17.6,,,,51495.004,67.62,,9.8,0.364426835703263,1952
IT,2005,,18.5,,,69.9,51585.645,67.738,,10.8,0.350416557432493,1952
IT,2006,,19.2,,,70.3,52304.242,67.856,,11.4,0.309257730161091,1952
IT,2007,,25.0,69.8,,82.3,52747.19,67.974,,12.0,0.353946503514183,1952
IT,2008,,23.8,85.2,,84.3,51806.39,68.092,,12.7,0.388144438401234,1952
IT,2009,,29.7,87.4,,81.8,48774.39,68.209,,12.8,0.42736985104551,1952
IT,2010,,31.0,86.2,,83.2,49301.695,68.327,,13.0,0.453353144484605,1952
IT,2011,,35.5,93.1,22.0,84.8,49473.016,68.444,,13.2,0.495908558299273,1952
IT,2012,66.6,38.4,80.0,84.0,80.8,47795.957,68.684,201.8,13.9,0.507318578797586,1952
IT,2013,66.7,39.4,88.0,79.0,82.2,46833.363,68.979,199.4,14.4,0.593488282584801,1952
IT,2014,65.4,41.6,82.3,89.6,83.4,46825.652,69.272,206.0,15.0,0.589349649208281,1952
IT,2015,66.8,44.3,85.7,91.4,84.6,47311.824,69.565,205.8,15.5,0.587514181324961,1952
IT,2016,66.9,45.9,86.0,91.0,82.5,47987.84,69.855,205.4,15.7,0.607148052386829,1952
IT,2017,67.1,47.8,88.9,90.3,83.2,48849.22,70.144,203.3,16.5,0.599543477936869,1952
IT,2018,68.3,49.8,84.3,84.2,82.6,49133.145,70.438,202.9,17.2,0.578598493371374,1952
IT,2019,69.6,51.4,82.2,90.4,84.2,49690.63,70.736,201.5,17.5,0.583514913803091,1952
IT,2020,71.4,51.4,86.4,91.8,84.9,45505.07,71.039,200.6,17.8,0.642989391692994,1952
IT,2021,71.7,51.9,87.1,92.4,84.3,49825.395,71.346,199.6,17.8,0.602493991884974,1952
IT,2022,70.7,53.3,83.7,93.0,86.0,52333.33,71.657,198.1,18.1,0.598020585311872,1952
IT,2023,75.6,50.8,84.2,93.9,85.8,52725.746,71.973,198.1,19.2,,1952
LT,2000,,0.0,,,,15771.427,66.986,,,0.0,2004
LT,2001,,0.0,,,,16933.023,66.919,,,0.0,2004
LT,2002,,0.0,,,,18216.545,66.828,,,0.0,2004
LT,2003,,0.0,,,,20302.984,66.737,,,0.0,2004
LT,2004,,1.9,,,,21867.287,66.646,,20.8,0.138888126588253,2004
LT,2005,,1.9,,,,23944.701,66.635,,22.4,0.185705433746425,2004
LT,2006,,1.9,63.4,,88.0,26129.34,66.706,,22.0,0.223981740551193,2004
LT,2007,,7.5,62.3,,86.4,29370.773,66.777,,23.7,0.291286498709124,2004
LT,2008,,8.4,61.8,,85.0,30445.781,66.848,,25.3,0.303285364360074,2004
LT,2009,,8.5,77.1,81.0,86.0,26217.545,66.842,,25.5,0.37359417929814,2004
LT,2010,,4.9,72.4,82.0,88.1,26887.492,66.757,,26.9,0.407478089027927,2004
LT,2011,,20.0,70.3,87.0,87.2,29240.748,66.741,,27.9,0.255862593079841,2004
LT,2012,62.2,23.5,68.7,77.0,89.2,30920.33,66.864,47.7,28.6,0.231878288666335,2004
LT,2013,53.5,27.8,69.5,4.0,92.1,32474.64,66.986,47.2,29.8,0.216201098186052,2004
LT,2014,57.7,30.5,75.7,4.7,93.5,33975.086,67.108,46.8,31.4,0.320117012755502,2004
LT,2015,59.8,33.2,80.7,17.8,94.6,35251.297,67.23,46.4,33.2,0.366687482986662,2004
LT,2016,69.5,48.0,82.3,82.1,94.9,36618.15,67.366,45.8,34.1,0.375905165207323,2004
LT,2017,61.8,48.1,82.2,80.0,94.8,38774.49,67.516,45.2,34.8,0.199523151235313,2004
LT,2018,60.7,52.6,81.8,76.8,92.4,41019.79,67.679,44.7,36.1,0.219882463068513,2004
LT,2019,61.9,49.7,82.7,81.3,93.5,43062.324,67.855,44.6,37.9,0.227827668040461,2004
LT,2020,61.8,45.3,82.0,82.3,94.6,43091.797,68.046,44.6,38.7,0.234817691079113,2004
LT,2021,60.7,44.3,84.3,83.1,94.5,45873.527,68.249,44.6,39.8,0.240839887972055,2004
LT,2022,58.3,48.4,81.8,84.2,93.9,46651.215,68.465,45.2,41.3,,2004
LT,2023,60.7,49.3,81.1,82.6,,46159.707,68.694,45.8,41.0,,2004
LU,2000,,35.8,,,,114141.586,84.216,,,0.29058866010328,1952
LU,2001,,37.5,,,,116258.43,84.843,,,0.299678809375249,1952
LU,2002,,38.5,,,,118757.53,85.299,,,0.304780677379244,1952
LU,2003,,42.2,,,,120396.26,85.743,,,0.288455159318725,1952
LU,2004,,41.5,,,,123720.26,86.177,,20.8,0.28466019141947,1952
LU,2005,,43.5,,,,124866.86,86.598,,23.0,0.27407285096265,1952
LU,2006,,43.7,,,85.1,130284.97,87.009,,20.5,0.243109749495978,1952
LU,2007,,45.0,,,83.0,138677.97,87.409,,22.7,0.22357266769212,1952
LU,2008,,45.7,,,84.0,135812.22,87.8,,23.7,0.219362353035272,1952
LU,2009,,46.4,84.8,,81.0,129002.24,88.178,,30.2,0.240945744890617,1952
LU,2010,,46.5,85.7,73.0,85.0,131432.06,88.547,,30.3,0.22576392541041,1952
LU,2011,,46.4,86.0,73.0,82.9,129885.37,88.906,,31.7,0.222315977564898,1952
LU,2012,62.5,47.4,86.8,76.0,85.0,128895.41,89.249,205.3,33.4,0.219185707868453,1952
LU,2013,62.8,46.3,87.6,74.0,84.0,129945.45,89.574,210.1,35.2,0.180387172467736,1952
LU,2014,66.0,47.7,88.0,83.7,87.0,130247.664,89.884,215.1,39.6,0.169879883300863,1952
LU,2015,70.0,47.4,86.9,90.0,87.0,130097.26,90.179,220.3,35.2,0.173240984439211,1952
LU,2016,70.3,49.2,87.4,92.0,86.0,133661.66,90.46,225.1,36.4,0.182132112631453,1952
LU,2017,69.7,48.9,89.1,91.9,94.3,132169.83,90.727,230.6,34.1,0.165011139992573,1952
LU,2018,70.9,49.0,88.0,91.7,94.1,131733.89,90.981,235.1,38.3,0.168729167082493,1952
LU,2019,71.5,48.9,88.5,85.4,96.7,132724.75,91.223,239.8,41.0,0.179816278641391,1952
LU,2020,71.9,52.8,87.9,85.1,97.2,129865.63,91.453,239.8,40.9,0.207537315399005,1952
LU,2021,73.4,55.3,89.0,83.2,97.1,136772.44,91.672,243.8,44.5,0.217852760057932,1952
LU,2022,63.4,55.6,85.0,72.3,96.9,132574.0,91.881,252.6,46.0,0.203371903896482,1952
LU,2023,66.1,56.5,87.9,71.6,95.7,129021.65,92.078,257.7,45.7,,1952
LV,2000,,0.0,,,,14554.213,68.067,,,,2004
LV,2001,,0.4,,,,15695.906,67.95,,,0.102797941966204,2004
LV,2002,,0.4,,,,17096.559,67.85,,,0.0831512810355532,2004
LV,2003,,2.3,,,,18717.668,67.8,,,0.0820118039374971,2004
LV,2004,,4.4,,,,20574.12,67.9,,15.9,0.106157467723008,2004
LV,2005,,3.9,,,,23213.354,68.0,,16.9,0.122724759134935,2004
LV,2006,,4.5,,,86.0,26431.814,67.967,,17.4,0.119535026241604,2004
LV,2007,,5.0,,,88.0,29423.736,67.9,,18.5,0.1328057489931,2004
LV,2008,,6.4,,,87.0,28726.973,67.834,,20.7,0.13917615322927,2004
LV,2009,,7.7,82.2,95.0,85.0,24520.68,67.814,,21.4,0.405468259996819,2004
LV,2010,,9.4,84.6,,85.7,24119.73,67.841,,22.6,0.397523649959467,2004
LV,2011,,9.7,81.5,66.0,85.4,25308.732,67.869,,23.6,0.419559144245074,2004
LV,2012,51.1,14.6,83.6,66.0,97.6,27496.545,67.897,32.7,25.2,0.430897835350889,2004
LV,2013,51.0,25.9,90.3,67.0,92.4,28375.184,67.925,32.4,27.0,0.393331405922569,2004
LV,2014,54.9,27.0,90.3,66.0,92.2,29243.742,67.952,32.0,26.9,0.341296356459442,2004
LV,2015,53.9,28.7,82.2,70.0,86.6,30599.613,67.98,31.8,28.1,0.354987592948131,2004
LV,2016,57.7,25.2,88.5,70.0,94.3,31668.516,68.021,31.0,29.5,0.340746898729954,2004
LV,2017,58.7,24.8,80.8,80.0,84.0,33036.39,68.075,30.7,30.0,0.304293963436622,2004
LV,2018,55.8,25.2,81.4,81.0,96.0,34729.707,68.142,30.4,30.1,0.339245059566994,2004
LV,2019,62.4,41.0,83.0,80.0,88.9,35208.195,68.222,30.2,31.4,0.366400024899671,2004
LV,2020,61.4,39.7,83.5,80.0,84.6,34225.9,68.315,30.2,33.2,0.379232941720012,2004
LV,2021,61.0,44.1,83.5,80.0,85.7,36912.01,68.421,30.0,34.2,0.352092242308142,2004
LV,2022,60.8,50.8,82.7,80.0,91.2,37681.047,68.54,29.7,34.5,0.269659503175374,2004
LV,2023,63.1,,78.6,80.0,96.6,38796.55,68.671,30.2,34.0,,2004
MT,2000,,9.6,,,,31038.125,92.368,,,,2004
MT,2001,,9.0,,,,30572.77,92.641,,,0.403030036501165,2004
MT,2002,,4.7,,,,31177.506,92.905,,,0.392569069545888,2004
MT,2003,,6.5,,,,32117.344,93.16,,,0.487301918265221,2004
MT,2004,,6.3,,,,32032.25,93.407,,10.0,0.728550506488752,2004
MT,2005,,9.1,0.1,,,32745.594,93.645,,10.3,0.734539646676146,2004
MT,2006,,13.7,0.0,,,33388.703,93.784,,11.1,0.87183585473739,2004
MT,2007,,4.7,0.0,,,34948.28,93.857,,11.7,0.930583918867467,2004
MT,2008,,5.0,0.0,,,36252.895,93.929,,12.1,0.911840164197293,2004
MT,2009,,6.9,56.7,,,35478.56,94.001,,12.8,0.591758512651685,2004
MT,2010,,8.9,56.4,,64.2,37492.676,94.072,,14.2,0.710473775484924,2004
MT,2011,,15.4,122.8,,87.0,37704.496,94.141,,15.1,0.6369440336708,2004
MT,2012,46.6,14.8,71.7,,95.8,38899.99,94.211,1329.2,16.6,0.690941907881543,2004
MT,2013,38.1,12.5,97.5,0.0,91.9,40882.023,94.279,1348.0,17.9,0.650232489482619,2004
MT,2014,41.1,11.7,107.1,,45.0,43121.61,94.347,1375.2,19.4,0.729340112868078,2004
MT,2015,37.1,10.9,65.1,78.9,77.7,46127.62,94.414,1408.4,19.9,1.01989942669302,2004
MT,2016,39.7,12.7,103.4,,54.4,46922.188,94.48,1450.2,20.3,0.559382564914445,2004
MT,2017,35.6,11.5,72.1,,56.1,51578.98,94.546,1495.2,22.1,0.481919637515256,2004
MT,2018,35.7,10.4,73.6,79.0,81.0,53367.95,94.612,1548.3,24.7,0.52749550392584,2004
MT,2019,33.7,9.1,59.8,81.4,79.2,53342.215,94.678,1595.1,27.0,0.641549382631456,2004
MT,2020,40.0,10.9,58.3,77.9,90.1,50392.96,94.744,1610.4,28.2,0.744646591384358,2004
MT,2021,36.8,13.6,83.2,78.4,80.8,56802.01,94.81,1646.4,29.6,0.58358675375932,2004
MT,2022,31.8,12.5,75.9,78.4,84.1,57781.5,94.875,1696.8,29.4,0.483573711359986,2004
MT,2023,44.4,17.4,71.6,80.0,62.8,59293.297,94.941,1766.0,30.8,,2004
NL,2000,,44.1,,,,56016.87,76.795,,,0.632954799372576,1952
NL,2001,,43.7,,,,56887.434,77.83,,,0.622145301433341,1952
NL,2002,,45.3,,,,56664.414,79.113,,,0.637949303284331,1952
NL,2003,,45.6,,,,56452.867,80.341,,,0.677638891597278,1952
NL,2004,,46.9,,,,57391.363,81.514,,25.4,0.6707148876033,1952
NL,2005,,46.7,,,,58422.01,82.63,,24.5,0.640970950274378,1952
NL,2006,,46.8,77.8,,82.5,60391.543,83.636,,24.8,0.640325996585384,1952
NL,2007,,48.3,79.0,,83.1,62601.62,84.539,,25.5,0.608879629181,1952
NL,2008,,48.4,81.1,,84.4,63678.402,85.402,,26.3,0.589000584056193,1952
NL,2009,,49.1,78.8,94.0,84.1,61029.73,86.288,,26.8,0.611834671805032,1952
NL,2010,,49.2,79.9,94.0,83.3,61518.555,87.134,,27.7,0.609524286319966,1952
NL,2011,,49.1,81.8,89.0,83.1,62318.14,87.879,,28.0,0.591058169411048,1952
NL,2012,69.3,49.4,83.0,84.0,83.7,61480.812,88.588,496.9,28.6,0.594517938146856,1952
NL,2013,70.4,49.8,83.1,80.0,86.0,61281.29,89.187,498.4,29.3,0.581713131545598,1952
NL,2014,70.5,50.9,82.4,79.0,86.1,62045.855,89.69,500.9,29.7,0.58624694740604,1952
NL,2015,71.7,51.8,82.1,72.5,87.7,63081.395,90.173,503.1,30.5,0.583471495982655,1952
NL,2016,72.6,53.5,80.9,76.2,88.9,64267.74,90.635,498.1,31.0,0.623855594159277,1952
NL,2017,78.1,54.6,81.6,82.4,87.1,65666.0,91.077,501.1,32.1,0.601371544382818,1952
NL,2018,79.4,55.9,75.6,61.2,87.1,66758.266,91.49,504.0,33.0,0.610475369741352,1952
NL,2019,80.7,56.9,69.6,78.1,87.2,67847.85,91.876,507.3,34.8,0.566751326786011,1952
NL,2020,76.5,57.0,74.0,75.5,88.0,64862.19,92.236,507.3,36.6,0.600354035629543,1952
NL,2021,76.8,57.8,71.1,82.1,87.3,68573.56,92.572,510.2,37.5,0.579838660581883,1952
NL,2022,75.2,57.6,72.6,79.4,87.2,71324.04,92.886,517.8,38.8,0.568359051023996,1952
NL,2023,75.8,58.4,80.5,81.0,88.1,70673.97,93.179,526.0,38.4,,1952
PL,2000,,2.1,,,,18566.355,61.716,,,,2004
PL,2001,,4.1,,,,18800.602,61.761,,,0.119959075365092,2004
PL,2002,,3.1,,,,19166.914,61.787,,,0.125828922652026,2004
PL,2003,,2.8,,,,19855.63,61.676,,,0.132207663771358,2004
PL,2004,,4.9,,,,20878.654,61.564,,12.6,0.104169848294621,2004
PL,2005,,5.6,,,,21568.947,61.452,,13.9,0.112162130511088,2004
PL,2006,,6.9,47.8,,84.7,22921.197,61.341,,14.9,0.117726111277451,2004
PL,2007,,7.7,55.6,,72.8,24484.066,61.229,,15.7,0.107283478740061,2004
PL,2008,,10.5,39.2,,79.5,25553.906,61.116,,16.5,0.129358880895552,2004
PL,2009,,13.2,82.3,,87.1,26204.41,61.004,,18.1,0.133598197408282,2004
PL,2010,,16.3,78.4,99.0,88.8,27112.133,60.892,,19.4,0.129325222817599,2004
PL,2011,,11.4,90.0,97.0,89.5,28521.662,60.78,,20.3,0.0991863756410105,2004
PL,2012,41.4,12.0,76.3,99.0,90.4,28952.916,60.654,124.3,21.5,0.0968538796768503,2004
PL,2013,36.1,15.1,75.6,93.0,88.6,29168.625,60.529,124.2,22.6,0.0747242851166106,2004
PL,2014,55.4,26.5,73.5,77.3,85.5,30334.879,60.403,123.7,23.8,0.0950779343863755,2004
PL,2015,57.6,32.5,69.7,76.5,94.7,31700.37,60.278,123.6,24.4,0.131641851693322,2004
PL,2016,58.0,34.8,82.2,76.5,94.3,32675.305,60.178,123.6,25.2,0.0877598586103458,2004
PL,2017,56.7,33.8,82.7,83.4,95.7,34354.598,60.105,123.6,26.3,0.0828064337495474,2004
PL,2018,58.7,34.3,87.6,79.7,93.4,36500.41,60.058,123.6,27.2,0.101371427738406,2004
PL,2019,58.2,34.1,82.4,77.9,118.8,38181.62,60.037,123.6,28.6,0.119924834338493,2004
PL,2020,,38.7,85.9,78.4,106.8,37852.8,60.043,123.6,29.3,0.132945534351361,2004
PL,2021,,40.3,82.6,79.3,94.6,41059.586,60.075,123.4,29.4,0.116301355135163,2004
PL,2022,64.0,40.9,86.6,78.5,95.3,43405.023,60.134,119.8,30.0,0.112320209350961,2004
PL,2023,67.4,27.6,89.6,76.8,95.8,43672.766,60.218,119.4,33.2,,2004
PT,2000,,10.5,,,,35069.83,54.399,,,0.22401052840606,1986
PT,2001,,11.9,,,,35500.227,55.044,,,0.1960801354593,1986
PT,2002,,7.6,,,,35578.52,55.666,,,0.184671514413465,1986
PT,2003,,10.9,,,,35115.38,56.287,,,0.159128842907198,1986
PT,2004,,13.5,,,,35658.13,56.907,,10.9,0.153091264013284,1986
PT,2005,,15.2,,,,35870.31,57.522,,11.1,0.154742240277208,1986
PT,2006,,15.9,,,82.2,36387.535,58.137,,11.7,0.23208352680494,1986
PT,2007,,17.1,91.9,,81.7,37226.47,58.749,,12.0,0.217690106300653,1986
PT,2008,,17.3,84.8,,80.8,37291.504,59.359,,12.6,0.224930598516606,1986
PT,2009,,19.5,85.1,,84.3,36092.812,59.964,,13.1,0.233321969895631,1986
PT,2010,,18.7,85.0,75.0,82.8,36703.113,60.567,,13.9,0.266458364419066,1986
PT,2011,,20.1,83.0,74.0,82.9,36127.293,61.167,,15.5,0.263684849531109,1986
PT,2012,56.9,26.1,86.6,69.0,82.7,34804.633,61.763,114.0,16.7,0.264366388663756,1986
PT,2013,61.5,25.8,86.6,69.0,82.9,34651.773,62.352,113.4,17.6,0.269411580464338,1986
PT,2014,61.0,30.4,76.9,73.2,83.8,35097.41,62.936,112.8,19.7,0.233612456711414,1986
PT,2015,57.1,29.8,78.0,70.5,84.0,35803.355,63.514,112.3,20.7,0.186567820282539,1986
PT,2016,60.9,30.9,82.1,71.1,83.5,36636.297,64.086,113.5,21.4,0.216792017579514,1986
PT,2017,55.3,29.1,80.9,74.0,85.2,37943.113,64.652,113.2,21.8,0.220362026281583,1986
PT,2018,57.9,29.1,73.0,72.2,86.1,39123.613,65.211,113.0,22.6,0.217450953825879,1986
PT,2019,62.8,28.9,78.5,71.5,88.2,40188.285,65.764,113.0,23.9,0.225029819283712,1986
PT,2020,59.5,26.8,62.9,72.2,87.3,36852.227,66.31,113.0,24.8,0.240399284057513,1986
PT,2021,63.1,30.4,100.0,73.1,87.9,38657.668,66.849,113.2,26.2,0.241401543045165,1986
PT,2022,61.1,30.2,56.6,73.3,89.1,41070.86,67.381,115.0,26.8,0.229607961347012,1986
PT,2023,61.8,30.6,91.2,73.1,89.8,41571.02,67.906,116.3,27.1,,1986
RO,2000,,0.0,,,,14852.005,53.004,,,,2007
RO,2001,,1.6,,,,15846.603,52.852,,,0.0,2007
RO,2002,,2.0,,,,17059.797,52.78,,,0.0,2007
RO,2003,,0.2,,,,17585.574,52.912,,,0.0,2007
RO,2004,,1.1,,,,19530.383,53.043,,8.6,0.0,2007
RO,2005,,1.8,,,,20568.717,53.174,,9.1,0.142263577003429,2007
RO,2006,,0.5,,,77.1,22352.164,53.305,,9.6,0.187155774871588,2007
RO,2007,,0.5,,,83.7,24325.781,53.436,,9.9,0.191852730771209,2007
RO,2008,,0.9,,,83.7,27036.697,53.567,,10.7,0.223698147543711,2007
RO,2009,,1.1,79.4,82.0,80.1,25758.863,53.698,,11.2,0.266700873092653,2007
RO,2010,,12.8,84.7,82.0,80.9,24900.23,53.829,,11.9,0.248696968906216,2007
RO,2011,,11.7,85.1,81.0,82.9,26147.94,53.96,,12.9,0.29669451789525,2007
RO,2012,56.8,14.8,84.3,81.0,84.0,26764.582,53.974,87.1,13.5,0.295121901360877,2007
RO,2013,52.8,13.2,86.7,82.0,83.8,26939.04,53.937,86.9,13.8,0.335970591648645,2007
RO,2014,54.8,13.1,87.3,82.5,84.1,28153.107,53.9,86.6,14.2,0.334561063897605,2007
RO,2015,55.9,13.3,66.0,81.7,85.1,29178.744,53.887,86.1,15.0,0.498874735524956,2007
RO,2016,60.4,13.4,74.0,84.5,85.1,30185.906,53.9,85.6,15.1,0.303476961810698,2007
RO,2017,60.4,14.0,83.4,86.4,85.0,32849.11,53.936,85.2,15.3,0.285150754497577,2007
RO,2018,57.9,11.1,83.1,88.1,85.2,35065.18,53.998,83.1,15.5,0.275645304676899,2007
RO,2019,44.6,11.5,81.5,84.5,85.0,36633.363,54.084,82.7,16.0,0.307737978741385,2007
RO,2020,39.9,12.2,76.0,90.9,85.4,35482.195,54.194,82.7,16.2,0.34828158182494,2007
RO,2021,38.3,12.3,79.0,88.2,,37730.37,54.329,82.2,16.4,0.316455482993802,2007
RO,2022,37.3,12.3,,89.3,,39377.973,54.489,81.3,17.1,,2007
RO,2023,,12.4,,,,40301.5,54.672,81.4,16.1,,2007
SE,2000,,38.5,,,,47875.086,84.026,,,,1995
SE,2001,,39.0,,,,48396.45,84.071,,,0.155142189053892,1995
SE,2002,,39.7,,,,49337.934,84.133,,,0.162669328784482,1995
SE,2003,,41.3,,,,50079.266,84.196,,,0.152105020206017,1995
SE,2004,,43.9,,,,51967.55,84.258,,24.7,0.168223697177529,1995
SE,2005,,44.6,94.3,,,53205.88,84.319,,25.5,0.172830758750603,1995
SE,2006,,47.7,94.3,,83.4,55381.395,84.43,,25.9,0.17019971682565,1995
SE,2007,,46.7,,,83.0,56745.04,84.588,,26.4,0.175565667145006,1995
SE,2008,,45.6,82.5,,83.0,55784.93,84.746,,26.9,0.178071864969638,1995
SE,2009,,49.2,84.0,95.0,86.0,52957.883,84.902,,27.6,0.172525255320832,1995
SE,2010,,47.8,83.9,93.0,84.4,55527.94,85.056,,28.2,0.160184438767394,1995
SE,2011,,47.0,83.6,93.0,84.4,56853.836,85.297,,29.1,0.149696275272718,1995
SE,2012,69.6,46.9,84.3,87.0,85.0,56200.902,85.62,23.4,30.1,0.147213916883608,1995
SE,2013,71.9,48.2,83.7,95.0,84.6,56360.707,85.936,23.6,31.4,0.145939783347884,1995
SE,2014,70.5,49.3,84.1,75.2,84.4,57085.387,86.247,23.8,32.8,0.132679631544702,1995
SE,2015,71.8,47.6,83.6,74.2,84.6,58975.977,86.553,24.1,34.0,0.12077759883925,1995
SE,2016,68.2,48.4,83.4,73.7,86.7,59608.086,86.852,24.4,35.3,0.130532587493402,1995
SE,2017,71.7,46.8,83.5,73.8,88.2,59883.668,87.146,24.7,36.0,0.128564686126077,1995
SE,2018,65.0,45.8,83.3,73.9,86.8,60318.46,87.431,25.0,37.1,0.128560559932258,1995
SE,2019,63.6,46.6,86.6,74.6,87.4,61232.484,87.708,25.2,37.8,0.120672867458716,1995
SE,2020,60.9,38.3,74.1,68.2,87.7,59572.477,87.977,25.2,38.3,0.132304901555036,1995
SE,2021,59.6,39.5,76.3,76.0,87.9,62731.7,88.238,25.4,39.6,0.127377089617404,1995
SE,2022,66.3,39.7,,,87.0,63215.438,88.492,25.7,41.1,0.12231444017956,1995
SE,2023,68.5,39.4,,,87.1,62845.484,88.738,25.9,41.9,,1995
SI,2000,,6.0,,,,30063.12,50.754,,,0.132559964552448,2004
SI,2001,,2.7,,,,30864.86,50.78,,,0.201183516735442,2004
SI,2002,,9.0,,,,31838.547,50.857,,,0.150623479972156,2004
SI,2003,,12.6,,,,32835.992,51.082,,,0.152863104550309,2004
SI,2004,,20.4,,,,34306.74,51.308,,15.4,0.181704466301252,2004
SI,2005,,18.6,,,,35567.305,51.533,,16.7,0.195331716581851,2004
SI,2006,,15.4,,,76.8,37548.883,51.758,,17.8,0.197067206912419,2004
SI,2007,,21.9,,,87.2,40005.246,51.983,,18.5,0.206011409140479,2004
SI,2008,,18.9,,,87.6,41288.973,52.209,,19.0,0.158109909093559,2004
SI,2009,,19.6,67.5,85.0,84.1,37811.58,52.433,,19.6,0.151394211044842,2004
SI,2010,,22.4,78.5,75.0,88.6,38065.734,52.658,,20.2,0.124563116491174,2004
SI,2011,,35.7,75.1,82.0,86.1,38235.723,52.883,,21.6,0.108859720190744,2004
SI,2012,66.9,42.1,79.7,84.0,100.0,37043.066,53.108,102.2,23.0,0.105981588262796,2004
SI,2013,69.0,34.8,51.0,82.0,,36688.082,53.332,102.3,24.4,0.100021364379198,2004
SI,2014,70.4,36.0,81.6,75.9,85.9,37664.652,53.557,102.4,25.1,0.105709816505638,2004
SI,2015,67.0,54.1,86.2,77.3,90.2,38537.094,53.781,102.4,26.6,0.224609613471225,2004
SI,2016,69.4,55.5,75.8,77.1,91.6,39677.418,54.02,102.5,27.2,0.103413373586716,2004
SI,2017,70.1,57.8,86.9,77.1,102.9,41703.305,54.273,102.6,28.7,0.0334752671522915,2004
SI,2018,68.0,58.9,84.6,77.2,97.6,43371.98,54.541,102.9,28.7,0.0423536812838742,2004
SI,2019,67.1,59.2,87.8,75.6,89.5,44580.777,54.822,103.7,29.3,0.0452005440594728,2004
SI,2020,67.9,59.3,85.6,75.8,110.1,42474.227,55.118,103.7,31.5,0.042472298116978,2004
SI,2021,55.2,60.8,87.1,75.5,90.8,45914.06,55.427,104.4,35.4,0.0473563412824426,2004
SI,2022,62.6,62.6,80.9,78.5,86.7,47064.152,55.751,104.8,35.1,0.0479047177237967,2004
SI,2023,73.6,59.8,82.9,74.9,88.5,47868.387,56.088,105.3,29.8,,2004
SK,2000,,5.2,,,,18335.648,56.233,,,,2004
SK,2001,,5.4,,,,18906.564,56.163,,,0.479888260028226,2004
SK,2002,,4.8,,,,19748.893,56.013,,,0.432280100188859,2004
SK,2003,,5.6,,,,20721.672,55.863,,,0.566846273460384,2004
SK,2004,,6.1,,,,21842.914,55.713,,10.3,0.554105766502871,2004
SK,2005,,2.0,71.8,,,23257.13,55.563,,11.4,0.520083904947341,2004
SK,2006,,4.0,83.7,,82.8,25331.824,55.412,,11.9,0.478009772645818,2004
SK,2007,,6.6,83.8,,88.0,28064.191,55.261,,11.9,0.427189523029987,2004
SK,2008,,7.4,85.4,,88.4,29544.033,55.111,,12.3,0.474214359131367,2004
SK,2009,,8.3,80.9,66.0,88.8,27880.357,54.96,,13.4,0.526755430186878,2004
SK,2010,,9.1,87.1,73.0,88.4,29745.861,54.685,,15.1,0.495496255362466,2004
SK,2011,,10.9,86.6,96.0,93.1,30468.766,54.42,,16.4,0.403409866575284,2004
SK,2012,68.1,13.4,87.8,97.0,89.9,30894.252,54.28,110.3,17.0,0.514370828196369,2004
SK,2013,65.9,10.8,85.1,93.0,92.5,31078.123,54.14,110.4,17.7,0.48995204905709,2004
SK,2014,65.4,10.4,90.7,87.3,94.8,31888.742,54.0,110.5,18.1,0.454373410377371,2004
SK,2015,64.3,14.9,86.7,92.3,88.4,33507.727,53.889,110.6,18.9,0.484156847768705,2004
SK,2016,65.8,23.0,89.4,90.5,96.1,34116.383,53.806,111.5,19.7,0.418250370392247,2004
SK,2017,65.7,29.8,88.6,90.5,95.7,35042.72,53.751,111.7,20.7,0.334195899836778,2004
SK,2018,66.6,36.3,88.9,91.4,95.1,36415.723,53.726,111.8,22.0,0.394448048227143,2004
SK,2019,67.5,38.5,91.2,91.2,95.5,37194.137,53.729,112.0,23.1,0.345649726727926,2004
SK,2020,70.8,45.3,92.6,91.3,95.6,36201.414,53.76,112.0,23.9,0.463387751258432,2004
SK,2021,73.9,48.9,92.5,90.8,95.6,38346.094,53.82,112.1,24.7,0.364955683354199,2004
SK,2022,71.8,49.5,90.9,91.2,95.9,38623.67,53.909,111.5,26.0,0.376648910049844,2004
SK,2023,71.9,50.3,92.4,91.2,95.9,39497.535,54.027,111.4,25.8,,2004
